Articulo_Orden,Cantidad orden,Cantidad Merma,Cod_ Turno Trabajo,Location Code,Codigo_rechazo,Causa,Weekday,Day,Month,Year,pred
905042,42,0,1,1,31,2,3,5,3,2021,47.73063301586839
905042,20,0,3,1,31,2,3,5,3,2021,36.28523874036921
9050272,75,0,1,2,71,1,5,10,3,2021,34.12950300381323
9050272,50,0,2,2,71,1,5,10,5,2021,34.73616947309371
9020101,5,0,3,1,81,4,3,20,11,2021,6.011417950914306
9020101,20,0,1,1,81,4,5,25,9,2021,4.693283603025643
